{
  "function": {
    "recamp1deec0f6": {
      "build": true,
      "providerPlugin": "awscloudformation",
      "service": "Lambda"
    }
  },
  "api": {
    "api0a0ce0d7": {
      "service": "API Gateway",
      "providerPlugin": "awscloudformation",
      "dependsOn": [
        {
          "category": "function",
          "resourceName": "recamp1deec0f6",
          "attributes": [
            "Name",
            "Arn"
          ]
        }
      ]
    }
  },
  "hosting": {
    "amplifyhosting": {
      "service": "amplifyhosting",
      "providerPlugin": "awscloudformation",
      "type": "manual"
    }
  }
}